{
  "x_cols": [
    "cst_u1",
    "cst_u2",
    "cst_u3",
    "cst_u4",
    "cst_l1",
    "cst_l2",
    "cst_l3",
    "cst_l4",
    "aoa_deg",
    "re_feat"
  ],
  "x_cols_raw_for_drl": [
    "cst_u1",
    "cst_u2",
    "cst_u3",
    "cst_u4",
    "cst_l1",
    "cst_l2",
    "cst_l3",
    "cst_l4",
    "aoa_deg",
    "re"
  ],
  "y_cols": [
    "y_cl",
    "y_cd",
    "y_cm"
  ],
  "use_log_re": true,
  "x_mean": [
    0.19125625499852636,
    0.24944095717604997,
    0.20940765809286524,
    0.21426405734255588,
    -0.0984359647609424,
    -0.041747092343627945,
    -0.07443573077532925,
    0.004827655356616354,
    2.070550231739634,
    5.361239991910138
  ],
  "x_scale": [
    0.11804054831799528,
    0.14939377447208482,
    0.14706172317484814,
    0.1528019330290572,
    0.11170076221628814,
    0.15216577812816515,
    0.1556889141474501,
    0.15232064772271667,
    7.8200842366998105,
    0.46426539273562434
  ],
  "y_mean": [
    0.4366306662559509,
    0.036075156182050705,
    -0.050279878079891205
  ],
  "y_std": [
    0.7268982529640198,
    0.03135228529572487,
    0.051524318754673004
  ]
}